{
  "version": 2,
  "name": "dongrehub",
  "buildCommand": "npm run build",
  "outputDirectory": ".next",
  "installCommand": "npm install",
  "functions": {
    "app/api/**/*.ts": {
      "maxDuration": 30
    }
  },
  "env": {
    "NEXTAUTH_URL": "https://dongrehub.vercel.app",
    "NEXTAUTH_SECRET": "@nextauth_secret",
    "API_BASE_URL": "https://dh.zhadev.my.id/api/v1"
  },
  "headers": [
    {
      "source": "/api/(.*)",
      "headers": [
        {
          "key": "Access-Control-Allow-Origin",
          "value": "*"
        },
        {
          "key": "Access-Control-Allow-Methods",
          "value": "GET, POST, PUT, DELETE, OPTIONS"
        },
        {
          "key": "Access-Control-Allow-Headers",
          "value": "Content-Type, Authorization, X-Requested-With"
        }
      ]
    },
    {
      "source": "/(.*)",
      "headers": [
        {
          "key": "X-Content-Type-Options",
          "value": "nosniff"
        },
        {
          "key": "X-Frame-Options",
          "value": "DENY"
        },
        {
          "key": "X-XSS-Protection",
          "value": "1; mode=block"
        },
        {
          "key": "Referrer-Policy",
          "value": "strict-origin-when-cross-origin"
        },
        {
          "key": "Permissions-Policy",
          "value": "camera=(), microphone=(), geolocation=()"
        }
      ]
    }
  ],
  "rewrites": [
    {
      "source": "/sitemap.xml",
      "destination": "/api/sitemap"
    },
    {
      "source": "/robots.txt",
      "destination": "/api/robots"
    }
  ],
  "redirects": [
    {
      "source": "/home",
      "destination": "/",
      "permanent": true
    },
    {
      "source": "/index",
      "destination": "/",
      "permanent": true
    }
  ]
}